{
  "test_accuracy": 0.46368715083798884,
  "test_n": 179,
  "tcn_cumulative_return": -0.225497918321254,
  "buyhold_return": -0.34057020846607533
}