{
  "all": {
    "LSTM": {
      "accuracy": 0.5,
      "n": 28,
      "win_rate": 0.5,
      "sharpe": -19.45570595907404,
      "cumulative_return": -0.031137484805570548,
      "max_drawdown": -0.03704589344286853,
      "profit_factor": 0.4934340470289634
    },
    "TCN": {
      "accuracy": 0.6428571428571429,
      "n": 28,
      "win_rate": 0.6428571428571429,
      "sharpe": 25.40270171266786,
      "cumulative_return": 0.04058805538848809,
      "max_drawdown": -0.007428718949791099,
      "profit_factor": 2.5314520447072044
    },
    "CNN": {
      "accuracy": 0.4642857142857143,
      "n": 28,
      "win_rate": 0.4642857142857143,
      "sharpe": 1.8837777396853577,
      "cumulative_return": 0.0028468044050886654,
      "max_drawdown": -0.019754079598952905,
      "profit_factor": 1.0701383057038403
    },
    "CNN-LSTM": {
      "accuracy": 0.6071428571428571,
      "n": 28,
      "win_rate": 0.6071428571428571,
      "sharpe": 11.527049005485177,
      "cumulative_return": 0.01883605999025284,
      "max_drawdown": -0.012579666621583075,
      "profit_factor": 1.515918657768917
    },
    "Transformer": {
      "accuracy": 0.5,
      "n": 28,
      "win_rate": 0.5,
      "sharpe": 6.484652227709509,
      "cumulative_return": 0.010508787838829026,
      "max_drawdown": -0.012579666621583158,
      "profit_factor": 1.2630779516239943
    },
    "WaveNet": {
      "accuracy": 0.5,
      "n": 28,
      "win_rate": 0.5,
      "sharpe": 6.484652227709509,
      "cumulative_return": 0.010508787838829026,
      "max_drawdown": -0.012579666621583158,
      "profit_factor": 1.2630779516239943
    },
    "XGBoost": {
      "accuracy": 0.4642857142857143,
      "n": 28,
      "win_rate": 0.4642857142857143,
      "sharpe": -1.7943961418383192,
      "cumulative_return": -0.00326557906571312,
      "max_drawdown": -0.013943159100616592,
      "profit_factor": 0.9374695303677487
    },
    "Sentiment": {
      "accuracy": 0.5,
      "n": 28,
      "win_rate": 0.5,
      "sharpe": -19.45570595907404,
      "cumulative_return": -0.031137484805570548,
      "max_drawdown": -0.03704589344286853,
      "profit_factor": 0.4934340470289634
    },
    "Ensemble": {
      "accuracy": 0.6428571428571429,
      "n": 28,
      "win_rate": 0.6428571428571429,
      "sharpe": 25.40270171266786,
      "cumulative_return": 0.04058805538848809,
      "max_drawdown": -0.007428718949791099,
      "profit_factor": 2.5314520447072044
    }
  },
  "active": {
    "LSTM": {
      "accuracy": 0.4,
      "n": 20,
      "sharpe": -33.629519167346274,
      "profit_factor": 0.27749242771228105,
      "win_rate": 0.45,
      "cumulative_return": -0.039419034559185606,
      "max_drawdown": -0.04414665926838217
    },
    "TCN": {
      "accuracy": 0.95,
      "n": 20,
      "sharpe": 51.068887024377574,
      "profit_factor": 8.059321213555657,
      "win_rate": 0.8,
      "cumulative_return": 0.056363760799833074,
      "max_drawdown": -0.006361692908850749
    },
    "CNN": {
      "accuracy": 0.5,
      "n": 20,
      "sharpe": 5.553584025452638,
      "profit_factor": 1.2269336780921256,
      "win_rate": 0.45,
      "cumulative_return": 0.006983632540022322,
      "max_drawdown": -0.017025067574245982
    },
    "CNN-LSTM": {
      "accuracy": 0.7,
      "n": 20,
      "sharpe": 18.206681968557593,
      "profit_factor": 1.9660850248728285,
      "win_rate": 0.65,
      "cumulative_return": 0.02303884516076815,
      "max_drawdown": -0.012579666621583068
    },
    "Transformer": {
      "accuracy": 0.55,
      "n": 20,
      "sharpe": 11.522757542251167,
      "profit_factor": 1.5303413242417705,
      "win_rate": 0.5,
      "cumulative_return": 0.014677222305356619,
      "max_drawdown": -0.012579666621583148
    },
    "WaveNet": {
      "accuracy": 0.55,
      "n": 20,
      "sharpe": 11.522757542251167,
      "profit_factor": 1.5303413242417705,
      "win_rate": 0.5,
      "cumulative_return": 0.014677222305356619,
      "max_drawdown": -0.012579666621583148
    },
    "XGBoost": {
      "accuracy": 0.5,
      "n": 20,
      "sharpe": -5.298256873012163,
      "profit_factor": 0.8227513470731506,
      "win_rate": 0.45,
      "cumulative_return": -0.007091345743317823,
      "max_drawdown": -0.01566257385363385
    },
    "Sentiment": {
      "accuracy": 0.4,
      "n": 20,
      "sharpe": -33.629519167346274,
      "profit_factor": 0.27749242771228105,
      "win_rate": 0.45,
      "cumulative_return": -0.039419034559185606,
      "max_drawdown": -0.04414665926838217
    },
    "Ensemble": {
      "accuracy": 0.95,
      "n": 20,
      "sharpe": 51.068887024377574,
      "profit_factor": 8.059321213555657,
      "win_rate": 0.8,
      "cumulative_return": 0.056363760799833074,
      "max_drawdown": -0.006361692908850749
    }
  }
}