{
  "tcn": {
    "train_acc": 0.5748929977416992,
    "val_acc": 0.5519125461578369,
    "test_acc": 0.45856353640556335,
    "n_features": 15,
    "seq_len": 30
  },
  "weights": {
    "TCN": 0.0646,
    "RSI": 0.0261,
    "MACD": 0.0137,
    "OrderFlow": 0.4204,
    "Sentiment": 0.4738,
    "30dayModel": 0.0014
  }
}