{
  "train_acc": 0.7075605988502502,
  "val_acc": 0.5573770403862,
  "test_acc": 0.5856353640556335,
  "train_n": 701,
  "val_n": 183,
  "test_n": 181
}