{
  "mins": [
    0.3191,
    7662.81424845,
    0.0004093729,
    0.0,
    8999640.717428,
    0.0,
    13672594272814.0,
    95343953.49,
    103053320.61,
    2133225.7467,
    0.4684,
    -0.2667278967897571,
    -0.9677317901622846,
    -0.15913028413028418,
    -0.24121662316803852,
    -0.3057607090103397,
    -0.5560190703218116,
    -0.5076640098099325,
    -0.6076882569773564,
    -0.6363322992071699,
    -0.48545118343195265,
    -0.49927783109404994,
    -0.48636685621445985,
    -0.1759372548542006,
    -0.07368105770335417,
    -0.3360966515393142,
    -0.13153482770682404,
    -0.1759809750297264,
    -0.16699764123151084,
    -0.28226823853901706
  ],
  "maxs": [
    502.9712,
    318653.21519596,
    0.00265232,
    99.9962,
    19797354.74843723,
    10213938.952572,
    123234387977051.0,
    872413858.64,
    834796572.36,
    3395010.63866913,
    1.0,
    0.9930622,
    13.430862329803329,
    0.1416924729823674,
    0.19988523335883687,
    0.34805877201517943,
    0.5967261904761904,
    0.6513026052104207,
    1.0126315789473683,
    1.0905263157894738,
    0.9679409470639873,
    0.9878545478268761,
    1.0041424014908036,
    0.1674975056479206,
    0.046906484745265806,
    0.6394622854150253,
    0.16672648377489785,
    0.16743827160493815,
    0.13527871467525188,
    0.24539678166813728
  ],
  "n_features": 30,
  "selected_features": [
    "avg_dormancy",
    "exchange_outflow",
    "reserve_risk",
    "utxos_profit_pct",
    "supply_in_profit",
    "supply_in_loss",
    "difficulty",
    "hash_ribbons",
    "hash_ribbons.1",
    "hodl_age_10y",
    "pct_supply_in_profit",
    "adjusted_sopr_chg3d",
    "avg_spent_output_lifespan_chg14d",
    "mvrv_ratio_chg1d",
    "mvrv_ratio_chg3d",
    "mvrv_ratio_chg7d",
    "puell_multiple_chg1d",
    "puell_multiple_chg3d",
    "puell_multiple_chg7d",
    "puell_multiple_chg14d",
    "reserve_risk_chg1d",
    "reserve_risk_chg3d",
    "reserve_risk_chg7d",
    "supply_in_profit_chg1d",
    "hash_ribbons.1_chg7d",
    "hodl_age_3m_6m_chg14d",
    "hodl_age_5y_7y_chg1d",
    "pct_supply_in_profit_chg1d",
    "log_return",
    "momentum_5d"
  ],
  "best_model": "GradientBoosting"
}