{
  "mins": [
    -68432.72431116,
    0.165511,
    0.347,
    11234730.3,
    95343953.49,
    103053320.61,
    0.0,
    58025.19213,
    211091.22012,
    468032.15496,
    749426.13213,
    789907.15825,
    1364056.61173,
    1557696.79707,
    1205970.31296
  ],
  "maxs": [
    103062.29174157,
    5.015521,
    2.906,
    6135737029.16,
    861160163.28,
    831531985.05,
    1.0,
    629195.89194,
    1125230.94487,
    2000135.97821791,
    2933652.01321084,
    3115909.47449431,
    4059475.47735,
    4052941.73537,
    3261731.15476
  ],
  "n_features": 15,
  "selected_features": [
    "exchange_netflow",
    "nvt_ratio",
    "puell_multiple",
    "realized_loss_usd",
    "hash_ribbons",
    "hash_ribbons.1",
    "hash_ribbons.2",
    "hodl_age_0d_1d",
    "hodl_age_1d_1w",
    "hodl_age_1w_1m",
    "hodl_age_1m_3m",
    "hodl_age_3m_6m",
    "hodl_age_6m_1y",
    "hodl_age_1y_2y",
    "hodl_age_2y_3y"
  ],
  "window_size": 5
}