{"means": [0.00039369049128304905, 0.004003231566912537, 0.004491891047210133, 0.6191596748294499, 0.002212803581171525, 0.4695161428945618, -1.8590050819412748e-05, 0.8972163049227548, 0.011701811448274863, -0.006693358064552955], "stds": [0.004782583801036685, 0.0027563464760735966, 0.0019484741065435743, 0.31845078564614165, 0.010406883421544652, 1.3002030469715369, 0.006572245173910648, 0.4514653266471532, 0.7074764127923454, 0.706634880991412]}