{"means": [0.0003959732382510178, 0.0039383733793425775, 0.004451189139158533, 0.6191258856740987, 0.002237465912577708, 0.46948129898867724, 2.848011495349299e-06, 0.8972485205728362, 0.011699840589232305, -0.006690534811490826], "stds": [0.004606870316158146, 0.0024659826201881797, 0.0015539953125935679, 0.31846135894359723, 0.01031145065516473, 1.300227529285641, 0.006409939667651692, 0.45147270111694005, 0.7074602547401923, 0.7066156953227007]}