{"means": [0.00040366088741735837, 0.003947286342282075, 0.004462184709097466, 0.6191335207592507, 0.0022019855943107504, 0.4694877727504977, -2.091813134090484e-05, 0.8972454027512694, 0.011725437916060948, -0.006685747492961003], "stds": [0.004792973980951364, 0.0027815902552394767, 0.0019541256629987394, 0.3185049301959551, 0.010410458808632067, 1.3002378588489372, 0.006555815552660259, 0.45150772870739736, 0.707498522567715, 0.7066405762338388]}