{"means": [0.000247297300196368, 0.00399549104486896, 0.004397733137114285, 0.5912368118764423, 0.0015502800086697186, 0.37062406351093086, -1.0990784354090602e-05, 0.9355931565397742, -0.0014882225176901709, -0.004396640049802035], "stds": [0.0048774065326420805, 0.0029495451373924564, 0.0022545267102835396, 0.3194422396267272, 0.01033176981228778, 1.320150821001554, 0.006637116694190117, 0.44344318561583623, 0.6865257888640894, 0.6807566896263008]}