{"means": [0.0016818940626772427, 0.02221728870763898, 0.02386972892365715, 0.5575832074873585, 0.00984444272957603, 0.23045768010554515, 0.03258456745934813, 0.0008648897688145897, 0.9264631157970886, 0.4999844609989204], "stds": [0.024909015598663323, 0.01189030510814151, 0.007579644840604052, 0.36344122840308735, 0.05413045580286735, 1.323494606249952, 0.4843042855924022, 0.6513277687871121, 0.36736932037169856, 0.3333599688829671]}