{"mins": [-0.28238055703008413, -1.9228723120229283, 0.10793370365430491, -0.1823315463083759, 0.0, 0.0, 0.0, 0.0, 0.0, 0.0, 0.0, 0.08460573557362923], "maxs": [0.25757893672353727, 1.9542363328035677, 1.9176599416404723, 0.26323637614088113, 0.8339020698514473, 0.9105460924259741, 1.0, 0.8718236122607024, 1.0, 1.0, 1.0, 1.0], "n_features": 12, "selected_features": ["mom_5", "vol_change", "vol_ratio", "accel", "price_scaled", "oc_hash_rate", "oc_n_transactions", "oc_difficulty", "oc_miners_revenue", "oc_avg_block_size", "oc_active_addresses", "oc_mempool_size"]}