{"means": [0.0015301235746343251, 0.022616051275926637, 0.024173919840570244, 0.5363088064528034, 0.023041130348842323, 0.5409971869790268, 0.009145275208017459, 0.03758467525351568, 0.1870652529819102, 0.02995233857021355, 0.28040716094641394, 1.0253474810497318, 0.9314358553549867, 0.0015301235746343251, 0.5000396259312094], "stds": [0.025369689455542976, 0.011932363798713198, 0.007553735085804966, 0.17455462884706277, 1.3862091879778398, 0.3673486961727091, 0.055516526043473055, 0.11820754480706612, 1.3430313799205766, 0.4828325199725327, 0.1816045911634884, 0.5672215522332814, 0.3678332248851282, 0.025369689455542976, 0.33334323731367055], "n_features": 15}