{"mins": [0.0, 0.0, -0.15480143752574058, -0.3721527549357769, 0.0, 0.0, -1.9228723120229283, 0.0, 0.08460573557362923, -0.139512127370305, -0.2346642056276938, -0.41072833827835875], "maxs": [0.10029040562729197, 0.08334942310631308, 0.1947213730697254, 0.4852003488204649, 1.0, 0.4885409416938462, 1.8472956508880216, 0.8450331925910561, 1.0, 0.14814111101073107, 0.20218914804204635, 0.3542902062839374], "n_features": 12, "selected_features": ["vol_5", "vol_10", "mom_1", "mom_10", "price_pos_20", "price_scaled", "vol_change", "oc_miners_revenue", "oc_mempool_size", "oc_hash_rate_mom", "oc_miners_revenue_mom", "oc_active_addresses_mom"], "horizon": 3}