{"means": [0.0016884056961409064, 0.022211302835102874, 0.023876407092141477, 0.5575853041392758, 0.0098359951958004, 0.23045029162769184, 0.03260003448744253, 0.0008611800028178356, 0.9264633261792475, 0.499972213732328], "stds": [0.024886917289822983, 0.011826835408758375, 0.007475503534474966, 0.36344015566059784, 0.05411409909740492, 1.3234935561091972, 0.48431024544455226, 0.651323122997296, 0.36737274966048544, 0.3333496830815348]}