{"means": [0.0002599978387236358, 0.004060341692993732, 0.0044455623821590025, 0.5993260708437407, 0.001762922841539541, 0.3906103116024057, -2.9877061996185592e-05, 0.9337049220143735, -0.002236059016395285, -0.0020817140217709684], "stds": [0.004909035891232839, 0.0029505237927651166, 0.0022203736857919847, 0.32030275333732666, 0.010539248467481077, 1.3206742152645483, 0.00662796872495074, 0.44107116155043913, 0.684106092246955, 0.6833974183177428]}