{"means": [0.00039496121212918557, 0.003926782076692777, 0.004471206719869902, 0.6191402413946177, 0.002211997279679537, 0.46948033601993444, 8.211154196638524e-06, 0.8971768493748925, 0.011721421257573379, -0.00670444156748601], "stds": [0.004774813726340114, 0.002756246250442692, 0.0019825381359950107, 0.31844284783354965, 0.010404110930534772, 1.300205870389271, 0.00654493663009639, 0.4514800312920699, 0.7074586186988392, 0.7066154501699293]}