{"means": [0.0003742643737842285, 0.003970003792701815, 0.00449857210469503, 0.6191550013978214, 0.0022406572706881733, 0.46945906699653106, -4.68948805818821e-05, 0.8972357226541043, 0.011705030679798029, -0.006714364528845692], "stds": [0.004772892265467364, 0.0027669256234951188, 0.0019704340653026826, 0.31845139554068186, 0.010408616622819418, 1.300253953529041, 0.006604096214132045, 0.451510638501597, 0.7074877334743658, 0.7066087374646727]}