{"means": [0.0015301235746343251, 0.022616051275926637, 0.024173919840570244, 0.5409971869790268, 0.009145275208017459, 0.1870652529819102, 0.02995233857021355, 0.0010086509444231517, 0.9314358553549867, 0.5000396259312094], "stds": [0.025369689455542976, 0.011932363798713198, 0.007553735085804966, 0.3673486961727091, 0.055516526043473055, 1.3430313799205766, 0.4828325199725327, 0.6549066902123188, 0.3678332248851282, 0.33334323731367055]}