{"means": [0.00031884682174377347, 0.004070256858543057, 0.004458058246550201, 0.6007773716809868, 0.001813781963572799, 0.3923159128733505, -6.696561936667314e-05, 0.9301015060998672, 0.0021318881399155064, -0.003354701412869913], "stds": [0.004899521267761843, 0.002915294556362431, 0.002258605521668402, 0.31780368392559466, 0.010555251857954157, 1.3070456930871452, 0.0066281326572699625, 0.4389028140565583, 0.6858303807444788, 0.6822752723519503]}