{"means": [0.00043197099970533956, 0.003942521341883725, 0.0044819448932203335, 0.6191390062829332, 0.0022351088471776618, 0.469509554893121, -4.4332581761752414e-05, 0.897224353966017, 0.011700569719021654, -0.006686719845279475], "stds": [0.004759813202114215, 0.0027425373783246925, 0.001933708580785486, 0.3184436972578674, 0.01036328451194282, 1.3002120194638076, 0.006539818477197441, 0.45148202106905955, 0.7074681572531082, 0.7066061349134275]}