{"means": [0.0003937472103441771, 0.003922151886683569, 0.004479758354662143, 0.6191182280875619, 0.002237746006341624, 0.46951032667674525, 3.079763523689723e-05, 0.8972143771109973, 0.01168506696310622, -0.006708682003242271], "stds": [0.004761936414773939, 0.0027520730538973283, 0.001982998524632712, 0.3184796615851706, 0.010380875648039635, 1.3001986411234232, 0.006562414913313752, 0.4515002393764561, 0.7074492268834341, 0.7065714241083816]}