{"mins": [-0.1681836940530168, 0.0, -0.15480143752574058, -0.4062601103575005, 0.0, 0.00391065326674154, 0.13753195487068426, -1.9228723120229283, 0.10793370365430491, -0.1823315463083759], "maxs": [0.17791299758620482, 0.9945482639642035, 0.1947213730697254, 0.7153832305474176, 0.9099075451337258, 0.3709123305396216, 3.921156974822137, 1.9542363328035677, 1.9176599416404723, 0.26323637614088113], "n_features": 10, "selected_features": ["log_return", "rsi", "mom_1", "mom_20", "upper_wick", "range_pct", "rel_volume", "vol_change", "vol_ratio", "accel"]}