{"means": [0.0004183201543692248, 0.003952364399900648, 0.004497461359451623, 0.6191155139651149, 0.002257796967650351, 0.46953015953398775, -3.3520796275303945e-05, 0.8972337878900916, 0.01171216015479913, -0.006662355273258419], "stds": [0.0047504233562389985, 0.002769551696023128, 0.0019702686371948245, 0.3184629924418309, 0.010434590849411497, 1.300194585715167, 0.006567307109030673, 0.4514280966735775, 0.7075026987470491, 0.7066127378207496]}