{"means": [0.00040954705204762035, 0.003962149133250109, 0.004513292629147119, 0.6191473851271817, 0.0022376236994785252, 0.46949039256827935, 8.598256574990923e-06, 0.8972238556966153, 0.011655550259834243, -0.00666657687236884], "stds": [0.004780221732930963, 0.0027676182632921913, 0.0019694013441113965, 0.31846010696022464, 0.010358743450658455, 1.3002257277196998, 0.006558054293014211, 0.45146885854316116, 0.7074941614258449, 0.7065975357955537]}