{"means": [0.0003061855353529226, 0.004101084460337818, 0.004446202848205045, 0.6005478629085864, 0.0018500798348685976, 0.4109466228092784, -4.56987565016735e-05, 0.9410350984548824, -0.008043514312074538, 0.006809876693517815], "stds": [0.0049533460660722275, 0.0029191498116425225, 0.002230531571176763, 0.3172518995032803, 0.010600646007632433, 1.3207644131816838, 0.006659491040101772, 0.4399673913395509, 0.6838129487589307, 0.6776623969711969]}