{"mins": [0.0, -0.1681836940530168, 0.0, 0.0, 0.0, -4.4488139102224], "maxs": [0.8339020698514473, 0.17791299758620482, 0.10029040562729197, 0.06910966144575748, 0.9945482639642035, 5.639409360596615], "n_features": 6}