{"means": [0.000362850200253335, 0.003943473369715981, 0.004511279989727698, 0.6191605135661488, 0.0022184404797404304, 0.46948866347452767, 3.2291082688781474e-05, 0.8972378087316731, 0.011689469073693209, -0.006658647435709638], "stds": [0.0047703396247215715, 0.0027619347089897113, 0.0019372104180562756, 0.3184252460960225, 0.010382184095741001, 1.3002428026126527, 0.006559473743030745, 0.4514592529746987, 0.7074750126476078, 0.7066208456954788]}