{"means": [0.0003076367096189097, 0.004017340749484521, 0.004406092959698491, 0.5943991989163503, 0.0018809918898708457, 0.3911433506424324, -3.999124251059258e-05, 0.9364534188024822, -0.007989974345451383, -0.011130607057192033], "stds": [0.004919601095059347, 0.0029099195094954454, 0.002260730379186146, 0.32027591840622127, 0.010546204638247663, 1.3216239541263464, 0.006633515557345669, 0.43945064329003364, 0.6842946864637766, 0.6831149889911918]}