{
  "weights": {
    "TM_Sentiment": 0.1561,
    "BTC_Momentum": 0.3074,
    "GRU_Model": 0.0008,
    "RSI": 0.2251,
    "MACD": 0.033,
    "Polymarket": 0.259,
    "30day_Model": 0.0185
  },
  "gru_test_acc": 0.5283505154639175,
  "combined_acc": 0.5309278350515464,
  "test_n": 388
}